﻿<?xml version="1.0" encoding="utf-8"?>
<manifest identifier="_6HBGqBZZiux" version="1.0" xmlns="http://www.imsproject.org/xsd/imscp_rootv1p1p2" xmlns:adlcp="http://www.adlnet.org/xsd/adlcp_rootv1p2" xmlns:xsi="http://www.w3.org/2001/XMLSchema-instance" xsi:schemaLocation="http://www.imsproject.org/xsd/imscp_rootv1p1p2 imscp_rootv1p1p2.xsd http://www.imsglobal.org/xsd/imsmd_rootv1p2p1 imsmd_rootv1p2p1.xsd http://www.adlnet.org/xsd/adlcp_rootv1p2 adlcp_rootv1p2.xsd">
  <metadata>
    <schema>ADL SCORM</schema>
    <schemaversion>1.2</schemaversion>
    <lom xmlns="http://www.imsglobal.org/xsd/imsmd_rootv1p2p1" xmlns:xsi="http://www.w3.org/2001/XMLSchema-instance" xsi:schemaLocation="http://www.imsglobal.org/xsd/imsmd_rootv1p2p1 imsmd_rootv1p2p1.xsd">
      <general>
        <title>
          <langstring xml:lang="x-none">The Redundancy Principle</langstring>
        </title>
        <description>
          <langstring xml:lang="x-none">Mayers Multimedia Principles: The Redundancy Principle</langstring>
        </description>
      </general>
      <lifecycle>
        <version>
          <langstring xml:lang="x-none">1</langstring>
        </version>
        <status>
          <source>
            <langstring xml:lang="x-none">LOMv1.0</langstring>
          </source>
          <value>
            <langstring xml:lang="x-none">Final</langstring>
          </value>
        </status>
      </lifecycle>
      <metametadata>
        <metadatascheme>ADL SCORM 1.2</metadatascheme>
      </metametadata>
      <educational>
        <typicallearningtime>
          <datetime>PT0H0M0S</datetime>
        </typicallearningtime>
      </educational>
      <rights>
        <cost>
          <source>
            <langstring xml:lang="x-none">LOMv1.0</langstring>
          </source>
          <value>
            <langstring xml:lang="x-none">yes</langstring>
          </value>
        </cost>
        <copyrightandotherrestrictions>
          <source>
            <langstring xml:lang="x-none">LOMv1.0</langstring>
          </source>
          <value>
            <langstring xml:lang="x-none">yes</langstring>
          </value>
        </copyrightandotherrestrictions>
      </rights>
    </lom>
  </metadata>
  <organizations default="The_Redundancy_Principle_ORG">
    <organization identifier="The_Redundancy_Principle_ORG">
      <title>The Redundancy Principle</title>
      <item identifier="The_Redundancy_Principle_SCO" isvisible="true" identifierref="__6HBGqBZZiux_RES">
        <title>The Redundancy Principle</title>
      </item>
    </organization>
  </organizations>
  <resources>
    <resource identifier="__6HBGqBZZiux_RES" type="webcontent" href="index_lms.html" adlcp:scormtype="sco">
      <file href="story_content/thumbnail.jpg" />
      <file href="mobile/5cKHK0iXjlZ_B-17_C-39_P_0_189_2048_1156.png" />
      <file href="mobile/5vrgRqAUFKo_B10_C-70_P_3_0_2041_1153.png" />
      <file href="story_content/6MABmlw8kVu.html" />
      <file href="mobile/6MABmlw8kVu5v1uhmQoAEM{Width=560, Height=315}Light.png" />
      <file href="story_content/6KWkdA8KmcW.html" />
      <file href="mobile/6KWkdA8KmcW5XGAgq8D8fU{Width=560, Height=315}Light.png" />
      <file href="story_content/653zwpI04lQ.html" />
      <file href="mobile/653zwpI04lQ6Og16FBpsq1{Width=560, Height=315}Light.png" />
      <file href="story_content/report.html" />
      <file href="mobile/5iyiCYtaBLy.png" />
      <file href="mobile/60iTQSoQBHV.png" />
      <file href="mobile/5k6gPzJURAC_P_0_332_2048_870.jpg" />
      <file href="meta.xml" />
      <file href="story_content/user.js" />
      <file href="mobile/Shape61KA2MsQPRm.png" />
      <file href="mobile/txt__default_5lYuoCmdyb8.png" />
      <file href="mobile/Shape5vigQvSgDcj.png" />
      <file href="mobile/txt__default_6ItYGC6did9.png" />
      <file href="mobile/Shape5am7nxFXv0e.png" />
      <file href="mobile/txt__default_5rz6e6z8Tq8.png" />
      <file href="mobile/Shape5e8muv8BbXD.png" />
      <file href="mobile/Shape67AWvYS28LB.png" />
      <file href="mobile/Shape5ksV1XvDPa5.png" />
      <file href="mobile/Shape6ohOiW5nzgo.png" />
      <file href="html5/lib/scripts/slides.min.js" />
      <file href="html5/lib/scripts/frame.mobile.min.js" />
      <file href="html5/lib/scripts/bootstrapper.min.js" />
      <file href="html5/lib/scripts/frame.desktop.min.js" />
      <file href="html5/lib/stylesheets/mobile.min.css" />
      <file href="html5/lib/stylesheets/desktop.min.css" />
      <file href="html5/lib/stylesheets/mobile-fonts/open-sans-light.woff" />
      <file href="html5/lib/stylesheets/mobile-fonts/open-sans-bold.woff" />
      <file href="html5/lib/stylesheets/mobile-fonts/open-sans-regular.woff" />
      <file href="html5/data/css/output.min.css" />
      <file href="html5/data/js/6f3wMr75rmA.js" />
      <file href="html5/data/js/6rGPG1qepTQ.js" />
      <file href="html5/data/js/paths.js" />
      <file href="html5/data/js/5kTIoujGdxI.js" />
      <file href="html5/data/js/5xgtZMq1jah.js" />
      <file href="html5/data/js/6nFFJaiwWXD.js" />
      <file href="html5/data/js/data.js" />
      <file href="html5/data/js/64m4PnurJrg.js" />
      <file href="html5/data/js/5dHNumf7oGn.js" />
      <file href="html5/data/js/6BTZ5iYDN2Y.js" />
      <file href="html5/data/js/frame.js" />
      <file href="analytics-frame.html" />
      <file href="story.html" />
      <file href="index_lms.html" />
      <file href="lms/AICCComm.html" />
      <file href="lms/blank.html" />
      <file href="lms/browsersniff.js" />
      <file href="lms/goodbye.html" />
      <file href="lms/scormdriver.js" />
    </resource>
  </resources>
</manifest>