﻿<?xml version="1.0" encoding="utf-8"?><meta xmlns:xsi="http://www.w3.org/2001/XMLSchema-instance" xmlns:xsd="http://www.w3.org/2001/XMLSchema"><project id="6OAmwmGTvta" courseid="6HBGqBZZiux" thumburl="story_content/thumbnail.jpg" title="The Redundancy Principle" datepublished="2024-04-10T10:51:32" version="1.0.0.0" flashdata="story_content/data.swf" html5data="mobile/data.json" mobiledata="mobile/data.gz" enabledownload="false" duration="About 40 seconds" totalaudio="0" totalvideo="0"><description>Mayers Multimedia Principles: The Redundancy Principle</description><keywords /><slidemeta moniker="slide" monikerplural="slides" viewslides="8" slidecountdescription="8 slides" /><author name="dawsonvaldes" email="" website="" /><application name="Articulate Storyline" version="3.86.32080.0" xmlversion="4.0" /></project></meta>